,Currently Insured,Number of Vehicles,Number of Drivers,Marital Status,rank,click_rate_Josh,purchase_rate_Josh,click_rate_Angkun,purchase_rate_Angkun,click_rate_actual,purchase_rate_actual,click_rate_yushan_logreg,click_rate_yushan_knn,purchase_rate_yushan_logreg,purchase_rate_yushan_knn,click_rate_fangdi_log,click_rate_fangdi_rf,click_rate_fangdi_svm,click_rate_fangdi_knn,click_rate_fangdi_voting,purchase_rate_fangdi_log,purchase_rate_fangdi_rf,purchase_rate_fangdi_svm,purchase_rate_fangdi_knn,purchase_rate_fangdi_voting,ave_Click_pred,ave_Purchase_pred
0,Y,1,1,S,1,0.652140476,0.255747463,0.28641692,0.16314152,0.583333333,0.233333333,0.5716805079999999,0.5,0.227569021,0.3,0.5626820982905566,0.5127059454294399,0.6496165469091612,0.2,0.48869075451853233,0.3252262013914124,0.27668840458062477,0.3685606039529318,0.12,0.2813135317426156,0.5748022569299992,0.2713077724930093
1,Y,1,1,S,2,0.273367223,0.16671866,0.18098849,0.10980463,0.27027027,0.175675676,0.351755379,0.2,0.128257097,0.1,0.34344823800856245,0.2906416421697532,0.13159932360577462,0.0,0.19070319368579966,0.2011808707837313,0.1540007633621604,0.06729385924949122,0.0,0.0893258660824519,0.31480312054457893,0.16253934778647294
2,Y,1,1,S,3,0.164864911,0.09051333,0.14178465,0.071407944,0.17204301100000002,0.086021505,0.18073508300000002,0.4,0.068444895,0.2,0.17537753522916746,0.16562030460426744,0.11616806858257539,0.2,0.16656343598922982,0.10408657077737254,0.09689893269953434,0.06127833103548737,0.08000000000000002,0.08867024920070393,0.17164945845835874,0.08998593211922673
3,Y,1,1,S,4,0.028771772999999997,0.074611628,0.09585046,0.046067715,0.111111111,0.047619048,0.082306136,0.1,0.035393399,0.0,0.07958461986389367,0.13635762591332676,0.1316438796095431,0.0,0.08827347234301394,0.04784518427502579,0.08758564395652607,0.0765024923141455,0.0,0.04920692164949646,0.08175503869430512,0.06135896380788797
4,Y,1,1,S,5,0.061572508,0.027364278,0.06280001,0.029434811,-7.0,-7.0,0.035180088,0.0,0.017993918,0.0,0.03395993847898795,0.12360766890012358,0.10197578139833259,0.0,0.06604073175369263,0.020675593756049892,0.07843024380287102,0.06126820740818412,0.0,0.03709025977007735,0.06358005084477789,0.036116008389730225
5,Y,1,1,M,1,0.401756641,0.166755611,0.29451737,0.16406897,-7.0,-7.0,0.520533551,0.6,0.20275932100000002,0.3,0.5262014230553367,0.47667523008230844,0.4688087404462347,0.4,0.47151064508342366,0.29482273060572334,0.2791630203643851,0.2684024686365259,0.08000000000000002,0.22886519177427675,0.4812917112844113,0.23587517074252712
6,Y,1,1,M,2,0.331153923,0.11549323,0.18098849,0.10980463,0.34,0.1,0.306217558,0.3,0.11269481199999999,0.2,0.31107084516568795,0.2707705985559143,0.1316245465044076,0.2,0.23196539467509142,0.1767324993958684,0.16156131874584198,0.07214740418161641,0.2,0.1594262390306614,0.30480323118040054,0.1416204650354276
7,Y,1,1,M,3,0.12669232,0.042144573,0.14178465,0.071407944,0.164556962,0.06329113900000001,0.15214112800000001,0.2,0.059643479000000006,0.1,0.15510142910375863,0.14385944433871,0.13105672624414724,0.2,0.1580855737561893,0.0893330693177298,0.09012341003478742,0.07449088345600592,0.12,0.09448210674042533,0.14444858036061714,0.0703111328381293
8,Y,1,1,M,4,0.03205578,0.0,0.07788288,0.046455305,0.047619048,0.0,0.06799217,0.1,0.030702041,0.0,0.06945076876214978,0.10781334488572993,0.13166906366456013,0.0,0.07651181911499129,0.04054194141261562,0.07312109029529658,0.07887864067541703,0.0,0.05108371212001077,0.06932801591196992,0.03609126817697805
9,Y,1,1,M,5,0.0,0.0,0.05090001,0.02857978,0.049180327999999995,0.016393443,0.028804625,0.0,0.015571613,0.0,0.02944978915367394,0.09875648852565179,0.10468841322199339,0.0,0.057451675957737015,0.017419389706952237,0.06394328867668923,0.0627190102010647,0.0,0.03855721097945435,0.03925272566983143,0.024233572845910368
10,Y,1,2,S,1,0.529275481,0.31600335399999996,0.2906194,0.08578547,0.596153846,0.288461538,0.556281009,0.5,0.190119381,0.3,0.551226967672613,0.5184870564294033,0.6495689555797305,0.4,0.5349907652136979,0.3581064695646465,0.3167610792038867,0.3891504570652651,0.24,0.32821702999510355,0.5388176285255041,0.2952475709421333
11,Y,1,2,S,2,0.335244812,0.058782864000000004,0.16799006,0.05405123,0.307692308,0.076923077,0.337610495,0.3,0.104930484,0.2,0.33305717220369063,0.2860692744329867,0.1316473174827815,0.4,0.2875772431412466,0.21878250331866228,0.19146606073915914,0.07886424528089413,0.24,0.18101399937465637,0.32299543840916933,0.14349047801445536
12,Y,1,2,S,3,0.19237008,0.021063986,0.11363630000000001,0.034665342,0.146341463,0.012195122,0.171646348,0.1,0.055306402000000005,0.0,0.1687643863479652,0.16451462414550722,0.11324911179064583,0.0,0.11361378270383551,0.11206931724825926,0.11687317468958844,0.06798478588858432,0.0,0.07856010415174562,0.1743238596233681,0.07632821998446193
13,Y,1,2,S,4,0.144657419,0.0,0.06271597,0.022216864,0.10526315800000001,0.01754386,0.07769773,0.0,0.028405918,0.0,0.07624963424510378,0.13938346024813486,0.13158250593010873,0.0,0.08857621326297006,0.05117488430001212,0.10136806480076967,0.07882505131808565,0.0,0.06632211420965467,0.10949706087330967,0.045237216775195446
14,Y,1,2,S,5,0.08447650699999999,0.040602028,0.05003256,0.013984914,-7.0,-7.0,0.033115103,0.1,0.014390255,0.1,0.03246940478488546,0.12467775674265061,0.10742255546568162,0.2,0.11819278882839505,0.022019564624763985,0.08835244399327652,0.06326621041588086,0.16000000000000003,0.08189467026906784,0.06868469288188402,0.041341072904510126
15,Y,1,2,M,1,0.546249391,0.267146596,0.27276805,0.08334233,0.581818182,0.218181818,0.504887757,0.8,0.168501824,0.3,0.5146150223192032,0.4914174798374749,0.4482612766711328,0.6,0.5112808213445432,0.3257736561883521,0.3073448049752359,0.268542030656231,0.36,0.3146193404548349,0.5142924125391696,0.267191720290897
16,Y,1,2,M,2,0.315764796,0.043697515,0.17821354,0.05439883,0.289473684,0.052631579000000005,0.29307596399999997,0.1,0.09190019099999999,0.0,0.301209952859335,0.28267264039055134,0.13165451653129326,0.4,0.2817889243826667,0.19290539658371336,0.19646472971851,0.07947917987033028,0.4,0.20656073045525356,0.29818083831247155,0.13124195807555583
17,Y,1,2,M,3,0.187072038,0.041266597,0.11363630000000001,0.034665342,0.157407407,0.055555556,0.144237159,0.0,0.048107233,0.0,0.14911459714095954,0.1530226366270086,0.13134004307400612,0.4,0.20817750956602343,0.09659055116624639,0.10612808185357397,0.07868030803009403,0.4,0.15293875709116106,0.15836160769199203,0.0730231157549551
18,Y,1,2,M,4,0.156648816,0.034634829,0.06271597,0.022216864,0.089285714,0.035714286,0.064129212,0.1,0.024617107000000003,0.0,0.06650975513271783,0.12288031722680799,0.13166084807832618,0.2,0.12927308527747872,0.04356503466964327,0.08485349033073687,0.07706069582505236,0.12,0.0821231481861424,0.10254202508988146,0.04691761525009504
19,Y,1,2,M,5,0.080489838,0.03828351,0.04075549,0.014078683,-7.0,-7.0,0.027103352,0.0,0.012446918999999999,0.0,0.028151441550593286,0.11154082632748719,0.10595648531600141,0.0,0.06090645422017195,0.018641951051981746,0.0687518670600514,0.06009258172340857,0.0,0.040835944439091706,0.061821364469520114,0.034531061778008285
20,Y,2,1,S,1,0.280309949,0.10372281400000001,0.32222357,0.12387859,-7.0,-7.0,0.562812813,0.5,0.187572961,0.4,0.5518445947996837,0.4575855156335472,0.5901491984228929,0.6,0.553109847703807,0.35023486480765786,0.2877136079321633,0.36408105602333507,0.12,0.2868707750161973,0.4631382181083077,0.2323110619349553
21,Y,2,1,S,2,0.17685104199999999,0.10929401300000001,0.20457347,0.08155361,-7.0,-7.0,0.343562738,0.2,0.103379421,0.0,0.3336120702297273,0.22290370473219018,0.13195345473394782,0.4,0.27082056127966536,0.21419213881893565,0.13885433937288522,0.0773029061161165,0.24,0.166776098813996,0.26923238874047933,0.1414299780479552
22,Y,2,1,S,3,0.035552816,0.0,0.12702017,0.05375566,0.066666667,0.022222222000000003,0.175447579,0.1,0.054444255,0.1,0.16911496785812216,0.11517710027550633,0.12106945729771015,0.0,0.10300883078047883,0.10981485136941321,0.07774324826722849,0.07041789938962673,0.0,0.06427449307790362,0.12382311578340713,0.06050058865916043
23,Y,2,1,S,4,0.120311985,0.023010482000000002,0.078448944,0.034471903,0.120481928,0.036144578,0.079618378,0.2,0.027950702999999997,0.0,0.0764257008019354,0.08727233510697235,0.13168755785287248,0.0,0.07246897181308616,0.050180470983027914,0.062399982584034425,0.07889048309857391,0.0,0.04637821159708224,0.09090709972722694,0.04088540964176558
24,Y,2,1,S,5,0.011257198000000001,0.0,0.0632438,0.021518616,0.014492753999999998,0.0,0.033974287,0.0,0.014156373,0.0,0.032547941195372916,0.059229900219975457,0.10966588653078069,0.0,0.04917821553632032,0.021604046111663083,0.041944743780640614,0.06610178558367516,0.0,0.033842191115624566,0.034252331603837095,0.019426290723075924
25,Y,2,1,M,1,0.26365303100000004,0.103829619,0.34179040000000005,0.12574738,-7.0,-7.0,0.511511759,0.5,0.166185532,0.2,0.5152387250507819,0.4400361875181332,0.43502400958697346,0.6,0.49541450530020026,0.3182936705613824,0.2812814225956641,0.2654577795358118,0.12,0.25340431710760364,0.4326099256422288,0.2173975610392616
26,Y,2,1,M,2,0.265066089,0.107040081,0.20457347,0.08155361,-7.0,-7.0,0.298596984,0.2,0.09052225900000001,0.0,0.301735796182885,0.22118762700027045,0.13172837710167887,0.4,0.2628829926353178,0.18866839493861398,0.14362280829229665,0.07860438327752137,0.08000000000000002,0.13582541263419454,0.2716466240457889,0.13246338580772765
27,Y,2,1,M,3,0.186778164,0.026464237999999998,0.14167573,0.052817814000000005,0.2,0.046153846,0.147539507,0.4,0.047351685,0.2,0.14943169741773063,0.11680559025478755,0.1309520805728432,0.0,0.09935484932821134,0.09455052514459451,0.08009182389526534,0.07845080496615,0.0,0.07199570869739952,0.15013873966812954,0.06211456800996496
28,Y,2,1,M,4,0.026598132000000003,0.025408845,0.078448944,0.034471903,0.050632910999999996,0.025316456,0.06573836,0.2,0.024221096,0.1,0.06666495458689523,0.0791420630383299,0.13159730133184627,0.2,0.11770002552759813,0.042674125998625016,0.05564998818986674,0.08011628726199847,0.08000000000000002,0.06848806866236969,0.05953587740630628,0.03698851379712294
29,Y,2,1,M,5,0.0,0.012889886000000001,0.051280837999999995,0.021945367,0.014285714,0.007142857,0.027811045,0.0,0.01224423,0.0,0.028219838374466743,0.05863254329008617,0.11708308074134811,0.0,0.049076820987873554,0.018271122612118284,0.0394226799621957,0.07054177059157382,0.0,0.03327752949410441,0.028665856666138228,0.020706979643578496
30,Y,2,2,S,1,0.243025395,0.115484436,0.33756620000000004,0.06286518,-7.0,-7.0,0.5473469320000001,0.7,0.15538122,0.2,0.5403374898694697,0.4570267703594088,0.594182242641055,0.8,0.5967287879689922,0.3791368185195177,0.30300350102735896,0.35562197024023384,0.6400000000000001,0.41181081500833777,0.44693414680721966,0.23825149388671915
31,Y,2,2,S,2,0.19039885399999998,0.063767568,0.21244012,0.040453277999999995,-7.0,-7.0,0.329579803,0.2,0.08414069199999999,0.0,0.3233720243814712,0.21790135582823164,0.13235990836010136,0.2,0.2170521511264228,0.22904857761045763,0.15294091781653366,0.07945396395710913,0.08000000000000002,0.1305672984372635,0.26531300930242574,0.1324744388567478
32,Y,2,2,S,3,0.081076281,0.0,0.11561300599999999,0.025596313,0.054545455,0.0,0.166570679,0.1,0.043866731,0.0,0.16269137795756147,0.1101637470076907,0.11769160601071905,0.2,0.14740925911793895,0.11630338391775001,0.08005214766467655,0.07053146566526049,0.16000000000000003,0.10424228946249424,0.13012552124131305,0.06005556564560664
33,Y,2,2,S,4,0.129405619,0.019668464,0.07027185,0.016378509,0.115789474,0.031578947,0.07514814,0.0,0.022398464,0.0,0.07321255993939246,0.08140813848307113,0.1316183300043787,0.0,0.07079329611496867,0.052811154664301016,0.06036642735761378,0.0788500184459022,0.0,0.05394063719997691,0.08979361435561589,0.0388111275054787
34,Y,2,2,S,5,0.020216542,0.0,0.041063704,0.010356304,0.012987013,0.0,0.031977734,0.0,0.011312406,0.0,0.031117385134072934,0.052769120026432415,0.11560028104956444,0.0,0.04885654666017024,0.022644684341887687,0.036438002745424164,0.06854616362270925,0.0,0.03659510314589636,0.034020195290126336,0.01759877327182796
35,Y,2,2,M,1,0.26996463,0.12475849900000001,0.31812435,0.062448077000000005,-7.0,-7.0,0.49585669600000004,0.4,0.137045181,0.1,0.5036371224145402,0.44328859054731673,0.41492828569261175,0.4,0.4348135687735524,0.3456623024958517,0.3014140062699573,0.24913740936719062,0.32000000000000006,0.2988882344732279,0.4281867597404642,0.22721999719145225
36,Y,2,2,M,2,0.272471146,0.08715623199999999,0.21244012,0.040453277999999995,-7.0,-7.0,0.285647782,0.0,0.073480139,0.0,0.29204537950057813,0.21735532365505456,0.13133438350097082,0.2,0.2099916357896749,0.20243724340494765,0.15686814377935224,0.07910978306354986,0.16000000000000003,0.1469531216824592,0.2668799077889082,0.12998543954607497
37,Y,2,2,M,3,0.115961677,0.059646492,0.12494641,0.025811305,0.133333333,0.033333333,0.139835171,0.1,0.0380966,0.1,0.14362651141209623,0.11385267727180581,0.13096004390024174,0.2,0.1458483063890461,0.10052779304062466,0.08193462879902257,0.07845317737320136,0.16000000000000003,0.10222625734866972,0.12831900917097552,0.07005137845991181
38,Y,2,2,M,4,0.060656835,0.014760178,0.07027185,0.016378509,0.069306931,0.01980198,0.061994934,0.1,0.019394939,0.0,0.06383381858879468,0.07711057195847369,0.13168482409063034,0.0,0.06751281090882735,0.045104582834192844,0.05421532869605273,0.07804994546246573,0.0,0.04722119268719489,0.0658990398868171,0.03336875713256139
39,Y,2,2,M,5,0.054146925,0.032123255,0.041063704,0.010356304,0.038461537999999997,0.025641026,0.026166874,0.1,0.009780594,0.0,0.026974208343594853,0.05567758059362659,0.11822151146115181,0.0,0.04890607005030365,0.01923733519065281,0.03323502108920664,0.06830966221942264,0.0,0.025570735634694818,0.04074139698430536,0.023594051319964865
40,Y,3,1,S,1,0.294663458,0.094752465,0.39243054,0.094931975,-7.0,-7.0,0.553904786,0.5,0.15321205599999999,0.2,0.5409576233051261,0.4413382075559653,0.43156626358721967,0.2,0.4020287634719661,0.3720877540088836,0.30264746414855137,0.2608222261168169,0.16000000000000003,0.27777135843581047,0.45771601871527284,0.23067493478935874
41,Y,3,1,S,2,0.200836099,0.11147583900000001,0.23839961,0.060494274,-7.0,-7.0,0.335462165,0.4,0.082868488,0.3,0.3239186231965793,0.23125685743494068,0.13343473810561784,0.0,0.16875126980727018,0.22501069104731689,0.15616140851445323,0.08040120360816021,0.0,0.1081340927796166,0.27286843615788003,0.14387910664044254
42,Y,3,1,S,3,0.07918099099999999,0.030182905,0.1532483,0.03972306,0.145454545,0.036363636,0.170282613,0.1,0.043174762,0.0,0.16303181809182565,0.12328356251895803,0.129271508511787,0.2,0.15453312484433135,0.1143485433497696,0.09002483589005071,0.07744211007458655,0.12,0.10025835687369052,0.13394474615269591,0.06943276155995508
43,Y,3,1,S,4,0.145324064,0.019169885,0.09571003,0.024765039,0.130434783,0.010869565,0.077011025,0.1,0.022037337999999997,0.0,0.07338217074317194,0.09001839783402184,0.13167279712393917,0.2,0.12192627547698613,0.051957345763775475,0.07015000424445658,0.07888109811575898,0.16000000000000003,0.087006450558393,0.09643391439429844,0.04082864325205801
44,Y,3,1,S,5,0.039460771,0.025371094,0.051664386,0.016052155,0.033333333,0.016666667,0.03280841,0.0,0.011127983000000001,0.0,0.031192756734931045,0.06365053634562093,0.11965865321756518,0.0,0.0518394440735106,0.02229033594526,0.04883068602846079,0.07168801904838795,0.0,0.03410030653629944,0.04177811852013799,0.0269050247434302
45,Y,3,1,M,1,0.277530924,0.095095714,0.39243054,0.094931975,-7.0,-7.0,0.502482462,0.8,0.135091052,0.1,0.50426134257002,0.4392245571786529,0.3469080165799292,0.6,0.4703119043275601,0.3389232000412129,0.30672330921138174,0.21055159239231164,0.48,0.3248738963411179,0.4308748214371682,0.21895831881314864
46,Y,3,1,M,2,0.25352471600000004,0.087543983,0.23839961,0.060494274,-7.0,-7.0,0.29108648800000003,0.1,0.072356388,0.1,0.2925619219755112,0.23331660334750992,0.1330898016143525,0.2,0.21379059377865228,0.19868512131103305,0.16464959899258158,0.08056362406747496,0.12,0.1383583668381168,0.26762243233075533,0.13080877282590364
47,Y,3,1,M,3,0.23226529899999998,0.058452905,0.1532483,0.03972306,0.17857142899999998,0.035714286,0.143053583,0.1,0.037492082,0.0,0.14393391516908507,0.12129127617171406,0.13162576859618777,0.0,0.09912688624090692,0.09874519190731024,0.09044821659387604,0.07891711129118405,0.0,0.06978643754414231,0.16013601833519978,0.07128459887529658
48,Y,3,1,M,4,0.062620118,0.022219167,0.09571003,0.024765039,0.056179775,0.011235955,0.063554165,0.0,0.019081292,0.0,0.06398320178083912,0.08024000154830109,0.13166046402100212,0.2,0.11768957907245615,0.04433314427451803,0.062116675513314124,0.07887897850507046,0.16000000000000003,0.08365428669450486,0.06759937158228504,0.036937569696958036
49,Y,3,1,M,5,0.044437284,0.010587798999999998,0.0636067,0.01569698,0.040268456,0.006711409000000001,0.02685079,0.0,0.009620901,0.0,0.02703982453810354,0.06115395428527173,0.13161583435701366,0.0,0.05331972959009104,0.018918286690658266,0.04672273646820537,0.07884827408212321,0.0,0.0403478026257226,0.03987046320584382,0.02146243078971591
50,Y,3,2,S,1,0.236242765,0.122873127,0.38794935,0.04685677,-7.0,-7.0,0.538382245,0.5,0.126002812,0.2,0.5294093586722912,0.43517468268763776,0.4443188120803444,0.2,0.39851531689495184,0.39649697611329127,0.2908051664836779,0.256581556580633,0.12,0.2579767799564233,0.4348022628399822,0.23404452039924228
51,Y,3,2,S,2,0.23657482100000002,0.062859563,0.23499697,0.029439416,-7.0,-7.0,0.32164737600000004,0.2,0.067160894,0.1,0.3138359880940082,0.22612482035339154,0.1368038388415131,0.2,0.21560395320915499,0.2369157425730309,0.1609462480489606,0.08045557272713709,0.08000000000000002,0.13140886716066202,0.27454575136185,0.1319706119054979
52,Y,3,2,S,3,0.14243171699999999,0.06883043900000001,0.15082036,0.019046767,0.12244898,0.06122449,0.161615816,0.2,0.034706331,0.1,0.15679568481753178,0.11244372362489985,0.12752596077561604,0.2,0.14852152668906382,0.1192850813120045,0.08315151819453052,0.07594576621431952,0.08000000000000002,0.09151225522015459,0.1433217353606079,0.07649334237663376
53,Y,3,2,S,4,0.038821141,0.018458435,0.08593565,0.012055494,0.047619048,0.011904762,0.072675619,0.1,0.017638439,0.0,0.07028724995981048,0.07675696247168477,0.13167020475871818,0.0,0.0694264545671428,0.05387765724030023,0.05849110075845418,0.07902585159829915,0.0,0.046828659157027316,0.06463524310787382,0.0371164079996886
54,Y,3,2,S,5,0.0,0.0,0.05005678,0.007456386,0.00729927,0.0,0.030878181,0.0,0.008886925,0.0,0.0298199281803234,0.04940941312886023,0.12392559573106197,0.0,0.0502438884753843,0.023027113346329023,0.03631936282102891,0.07430810483334964,0.0,0.038665391862356756,0.02752688057729591,0.017058350291839483
55,Y,3,2,M,1,0.27065690000000003,0.100416517,0.38794935,0.04685677,-7.0,-7.0,0.48682833799999997,0.6,0.110679326,0.2,0.4926557146020524,0.441933385154964,0.33362653582314644,0.6,0.4612402020664709,0.36216115724447523,0.31059054917444257,0.1980524832504566,0.24,0.2799228257341681,0.4230185844392541,0.22096188735472944
56,Y,3,2,M,2,0.252134264,0.044306704,0.23499697,0.029439416,-7.0,-7.0,0.278333744,0.2,0.058514219000000006,0.1,0.28304670132711235,0.23514974219990875,0.13298819449752805,0.6,0.311123473797446,0.20982135990446693,0.1774786569449187,0.07955321778324298,0.48,0.22409821843527944,0.26216611288175523,0.12253023496234641
57,Y,3,2,M,3,0.176663448,0.0,0.13986309,0.01869257,0.23404255300000001,0.021276596000000002,0.135546249,0.4,0.030103202000000003,0.0,0.13830757990554107,0.11830700793769519,0.13169109935534282,0.4,0.19515138571272858,0.10336792058082347,0.09031054823213766,0.07889345816473446,0.4,0.15079978606442518,0.14220607121080908,0.05594541770324028
58,Y,3,2,M,4,0.104181228,0.022955733,0.08593565,0.012055494,0.076923077,0.012820513,0.059927138,0.1,0.015263243999999999,0.0,0.06125847982263421,0.07660640210521438,0.13158888343531422,0.0,0.06696056486917526,0.04614986892408251,0.0576712316142058,0.0788310750662186,0.0,0.04854523312534429,0.07549331198196216,0.03551001938457207
59,Y,3,2,M,5,0.0,0.0,0.05005678,0.007456386,0.006622517,0.0,0.025261912999999997,0.0,0.007680996,0.0,0.0258448953333644,0.056213778940799874,0.13159085908873172,0.0,0.05234140395336056,0.019622804788619316,0.03844550070557142,0.07789522127076366,0.0,0.03709128007589374,0.026830146818541067,0.016437325373547685
60,N,1,1,S,1,0.40170151200000004,0.190768518,0.28422886,0.21313897,-7.0,-7.0,0.554754055,0.8,0.29770974699999997,0.4,0.5333426897613567,0.45001708982031324,0.620896464271151,0.4,0.5044656464052695,0.23102049284317155,0.21549373846151926,0.3191059344356902,0.16000000000000003,0.2401158382105558,0.48495383664541747,0.23374812407617268
61,N,1,1,S,2,0.328656805,0.265689966,0.17993854,0.15261473,0.372881356,0.237288136,0.33622894799999997,0.4,0.17471157899999998,0.3,0.3172474215894274,0.27229269685387797,0.13163996184183965,0.6,0.32977074570968046,0.13991196752596172,0.12197901774047022,0.05962657002638204,0.24,0.15063952532224242,0.31360646786082635,0.17557313256660798
62,N,1,1,S,3,0.155798975,0.042907017,0.123439565,0.10039103,0.17857142899999998,0.095238095,0.170768859,0.2,0.09561157199999999,0.1,0.15889537368199375,0.14496223800981758,0.11929032684309061,0.0,0.1053438483313609,0.07132984572214947,0.06948836591804744,0.05898836530248126,0.0,0.054605528115644696,0.15760636142295284,0.06983420016004924
63,N,1,1,S,4,0.039747621000000004,0.017973822,0.06714864,0.056166667,0.075949367,0.037974684,0.077255731,0.1,0.050147705,0.0,0.07132647698554673,0.10239577038760751,0.13158227891848034,0.0,0.07597095144708242,0.03258399683506736,0.049777172183380146,0.07492234943729978,0.0,0.036789379059813825,0.07268139984328856,0.03762067400461188
64,N,1,1,S,5,0.0,0.0,0.043708395,0.03379193,0.0,0.0,0.032917669,0.0,0.025688131,0.0,0.03028031578416335,0.08857797889281407,0.09937602523756242,0.0,0.053830145904818806,0.014073349720355769,0.04343907153177434,0.05896668790007066,0.0,0.026329640957700202,0.03794399091924436,0.020800138063032526
65,N,1,1,M,1,0.29595682100000004,0.13551759800000002,0.26662254,0.22845986,-7.0,-7.0,0.503341849,0.3,0.26790543,0.1,0.49660414040142736,0.40870609399498004,0.447976460545031,0.6,0.4900733392792156,0.20634707179102582,0.1968659983546009,0.23013959135493908,0.48,0.27978445969646604,0.42615222609910186,0.20165902453640666
66,N,1,1,M,2,0.191740616,0.067587907,0.17368951,0.13983968,0.188679245,0.11320754699999999,0.291796377,0.2,0.154511727,0.2,0.28626307928908235,0.2519448226379141,0.13166729360852014,0.2,0.2165685998972287,0.12117451941909073,0.11732666071658708,0.06343994013717415,0.04000000000000001,0.08850984768367406,0.2554362237317491,0.11515020353391946
67,N,1,1,M,3,0.097189916,0.055352647000000005,0.123439565,0.10039103,0.114942529,0.057471264,0.143475521,0.2,0.083630379,0.2,0.14020085537471405,0.12330665924739838,0.1315950415659829,0.2,0.14885250194479988,0.06044304784581677,0.060273605635568286,0.06889344162887989,0.16000000000000003,0.08483524136044146,0.1260432379055281,0.06492491987034626
68,N,1,1,M,4,0.0,0.018602098,0.082416885,0.061560175999999994,0.031578947,0.021052632,0.063759064,0.1,0.043589054,0.1,0.062173139848934224,0.0754663989419611,0.13166779947149768,0.0,0.06755243278276629,0.02729225651812731,0.036996174249590806,0.07572596894107825,0.0,0.029126320908780326,0.05034965069772383,0.03161989569192953
69,N,1,1,M,5,0.02594314,0.025900627000000002,0.053723257,0.037243012,0.030769231,0.015384615,0.026940762000000004,0.0,0.022253519,0.0,0.026245572911326107,0.06582910741491309,0.10645712322538936,0.0,0.0493754873142289,0.0117280126975018,0.032886850472746185,0.06223656030551768,0.0,0.02404404707481561,0.0362396455815598,0.023192252292562
70,N,1,2,S,1,0.541433056,0.24999682199999998,0.26295614,0.12580685,0.5625,0.1875,0.5392364829999999,0.3,0.252490505,0.1,0.5217722104027579,0.4923746193623799,0.6217761447922793,0.4,0.5123847369604834,0.26531944626413984,0.2891027364496778,0.372495818569978,0.24,0.2924718773540343,0.5237040921912844,0.2642273774284544
71,N,1,2,S,2,0.295596769,0.135763179,0.17100307,0.08273269,0.289156627,0.180722892,0.32239790100000004,0.6,0.144334993,0.3,0.3072780625220656,0.29680554861239633,0.1315998344458296,0.2,0.23455804845367795,0.15870323051506352,0.16568292901734677,0.07765347640640481,0.04000000000000001,0.10825034207610545,0.3055195702836155,0.15112108288310255
72,N,1,2,S,3,0.196684214,0.041673136,0.09850067,0.05014177400000001,0.180722892,0.036144578,0.162082149,0.0,0.077693166,0.0,0.15278857996863088,0.16958417748279345,0.11607157480726753,0.0,0.10761464766473222,0.08013097427741014,0.09728874905523525,0.06953555424062577,0.0,0.06662132822184907,0.17028478011285605,0.07419650633316136
73,N,1,2,S,4,0.082783278,0.0,0.054641232000000005,0.03324251,0.075471698,0.037735849,0.072907637,0.0,0.040369285,0.0,0.06831186421477188,0.1458911409881704,0.13165289167832503,0.0,0.08373277770258242,0.0363705920900474,0.0777105647279118,0.07870100342072386,0.0,0.04722769969332623,0.09247348005073557,0.0386126104544898
74,N,1,2,S,5,0.070113563,0.029399225,0.034944415,0.019874344,-7.0,-7.0,0.030981218999999997,0.2,0.020575825,0.0,0.028946444944214885,0.13019147418898047,0.10511861377198854,0.0,0.063621561618655,0.01564169313342676,0.06899704926542431,0.060653456840716206,0.0,0.03233787968239641,0.06505817528329884,0.03365344809971277
75,N,1,2,M,1,0.48091392899999996,0.21765336899999999,0.26295614,0.12580685,0.482758621,0.18965517199999998,0.487687195,0.4,0.225757934,0.2,0.4850023291163664,0.4485956477435788,0.42808191796598394,0.8,0.539107581598365,0.23786626629550192,0.2509349445421699,0.2564642182516395,0.16000000000000003,0.248870778572274,0.4755497752149863,0.23305312845941795
76,N,1,2,M,2,0.318007165,0.140066094,0.15885386,0.079556994,0.333333333,0.128205128,0.279024773,0.3,0.127106317,0.3,0.2768725431947177,0.29354756540086396,0.13169471262801688,0.4,0.27696174197395407,0.13800204899160018,0.16251505860222984,0.07889461752207581,0.4,0.18227974031591934,0.2918630116488954,0.1419223796484575
77,N,1,2,M,3,0.16876507,0.065272383,0.09850067,0.05014177400000001,0.147368421,0.052631579000000005,0.135949557,0.1,0.067789044,0.0,0.13469748393440764,0.1554698954459119,0.13170113748680617,0.0,0.10330655619274323,0.06821358353135365,0.0849555375641383,0.07866601917749928,0.0,0.06305274332964818,0.14872050159507988,0.071557637023873
78,N,1,2,M,4,0.12863709,0.161922163,0.06551776,0.032873556,0.13636363599999998,0.113636364,0.060121095,0.0,0.03504234,0.0,0.05952059775357281,0.12817308189618562,0.1315957198638052,0.0,0.0763268455549343,0.030617769145393114,0.06225326284126683,0.07585615020010968,0.0,0.03427758988558824,0.09411296616243961,0.07245888374666498
79,N,1,2,M,5,0.08938671599999999,0.037345768,0.042717047,0.021985715,-7.0,-7.0,0.0253467,0.2,0.017812254,0.2,0.025084837916922842,0.1163270270177796,0.10778633770658068,0.2,0.10901790003019579,0.01310393265102787,0.054726536556356654,0.05905279541240903,0.0,0.04264393084628826,0.0640363202336756,0.030747122801846133
80,N,2,1,S,1,0.294543757,0.131311266,0.31139448,0.17356125,-7.0,-7.0,0.545814337,0.6,0.249365919,0.3,0.5223952517200277,0.4123857539149616,0.5602171538254044,0.6,0.5288827487457203,0.25711599189487455,0.23455752994788723,0.3255728384467301,0.36,0.2994204020871252,0.44378477490874735,0.21808767671069046
81,N,2,1,S,2,0.20302810699999999,0.15197734699999998,0.19518241,0.11659533,-7.0,-7.0,0.328214835,0.5,0.142294058,0.2,0.30780983303134607,0.20820208948231606,0.13198481782996174,0.0,0.16282318684910002,0.15395889090224804,0.11558555823256136,0.0725784197652754,0.0,0.08285692169056928,0.26181371612841553,0.14095396353370235
82,N,2,1,S,3,0.217705645,0.10053931099999999,0.121574536,0.07707457,0.177419355,0.064516129,0.165713946,0.2,0.076510304,0.1,0.1531120872770224,0.11933554588744481,0.12439077825630111,0.2,0.149554414612438,0.07780603786633923,0.06932526754652533,0.07057276371823724,0.12,0.0844435075042258,0.1639668060411168,0.08104523010321614
83,N,2,1,S,4,0.07125052,0.0,0.06826039,0.049866468,0.057142857000000005,0.0,0.07471946900000001,0.0,0.039730193,0.0,0.06847096041336544,0.0834685493978967,0.13169106559313346,0.0,0.0690255069429041,0.03534117087194765,0.05132822316881142,0.0788908133300356,0.0,0.04699107856622029,0.07447737470281554,0.03159989676018977
84,N,2,1,S,5,0.01149743,0.010690273,0.054106600000000005,0.03172195,0.007142857,0.007142857,0.031786858,0.0,0.020243476,0.0,0.029016715640105214,0.06038102713586691,0.10599003282051152,0.0,0.047474449573679633,0.01520837096563532,0.036507207295132016,0.06399777014113651,0.0,0.027514082737584926,0.03317050769399303,0.020662331815191833
85,N,2,1,M,1,0.25477902399999997,0.132221153,0.3306245,0.18002091,-7.0,-7.0,0.49431083200000003,0.4,0.22286553399999998,0.2,0.4856260496731087,0.39820487267810245,0.4179949500247534,0.6,0.4766688585640443,0.2302615290977254,0.22282218523493122,0.23752019305624442,0.24,0.23941683689103316,0.4082301945878028,0.20204260033316418
86,N,2,1,M,2,0.233197005,0.118898053,0.20726633,0.11729528,-7.0,-7.0,0.28438758,0.4,0.12527333300000001,0.2,0.27737276369204783,0.21668780488657113,0.13194971167066746,0.0,0.15464494703299736,0.13372913184671334,0.1185275930993837,0.07303214996491525,0.0,0.07708842941466915,0.2529112883946547,0.12410702773652427
87,N,2,1,M,3,0.205274113,0.153586509,0.12427962599999999,0.07659379,0.162790698,0.093023256,0.139093,0.1,0.066746058,0.1,0.13498878930188943,0.1137637556561085,0.1316468150039219,0.2,0.14515313043673908,0.06615946430423972,0.06417090467143169,0.07573139181066385,0.12,0.08048649081928945,0.14827991448949948,0.08766573399391786
88,N,2,1,M,4,0.0,0.0,0.06826039,0.049866468,0.054054054000000004,0.013513513999999999,0.061636294,0.1,0.034484548999999996,0.0,0.05966053045453408,0.07025694765871132,0.13161015530749595,0.0,0.06492346889894568,0.029716839645815722,0.041343098585078675,0.07884783869707558,0.0,0.0365973842017347,0.04788844302831135,0.0263861218077236
89,N,2,1,M,5,0.041030712000000004,0.010806173,0.044037938,0.030917944,0.02739726,0.006849315,0.026009751,0.0,0.017523743999999997,0.0,0.025145976892124097,0.05431553496557819,0.11785337655735786,0.0,0.04864391396329252,0.012726072097605802,0.030894452347843465,0.07035808623280305,0.0,0.027395291710999064,0.036625493714425576,0.017987610361362316
90,N,2,2,S,1,0.268381214,0.113769163,0.3073705,0.091411464,-7.0,-7.0,0.530249025,0.6,0.20930124100000003,0.2,0.5108023055777977,0.43191222165220877,0.563790812260719,0.8,0.5781974031687661,0.2898881792745196,0.267812811461587,0.33773872172972136,0.6400000000000001,0.37364352742982765,0.4353361915575016,0.22019284868402667
91,N,2,2,S,2,0.128772835,0.10447760800000001,0.20418897,0.06022466,0.1875,0.083333333,0.314557228,0.4,0.116756418,0.2,0.2980075983367433,0.21029744254724428,0.13167677183219992,0.0,0.16138893395744114,0.17145613202428472,0.12356794320950115,0.07835778151861206,0.0,0.08713914287970392,0.23790877597099688,0.12906452530844648
92,N,2,2,S,3,0.097929885,0.017994623,0.11059454,0.037244572999999996,0.11702127699999999,0.063829787,0.157235614,0.1,0.061926517,0.0,0.14718866578772152,0.11487091170207635,0.12031752618845212,0.0,0.09548938033690121,0.0858301200348038,0.06954582688040802,0.07226620917985731,0.0,0.047086171902749246,0.12930626912244944,0.058824271728802946
93,N,2,2,S,4,0.130813841,0.02984805,0.06707224,0.023892831,0.11,0.04,0.07050321400000001,0.0,0.031914855,0.0,0.0655685148787644,0.08752842387577252,0.13160487314208041,0.0,0.07012205260830709,0.03874293807542896,0.05484188667391164,0.07883869937411511,0.0,0.041816620996182996,0.08860349843863423,0.038836932437335145
94,N,2,2,S,5,0.0,0.0,0.04302248400000001,0.015049442,0.013513513999999999,0.013513513999999999,0.029914872000000002,0.0,0.016196721,0.0,0.027736915226309906,0.06405607751973341,0.1121748151214502,0.0,0.050340296316852634,0.016602749053045977,0.035945378949253676,0.06541344995498219,0.0,0.02665385488222989,0.03042696618651083,0.017186212250574914
95,N,2,2,M,1,0.297671532,0.133196385,0.32646978,0.09641304,-7.0,-7.0,0.47866635399999996,0.5,0.18600353,0.3,0.4740391952107385,0.4118695936118418,0.399003024932296,0.4,0.41986914166495337,0.2605842800011366,0.2530364822882082,0.2391665019874446,0.24,0.24673101224965135,0.41556166870564504,0.2082051693223362
96,N,2,2,M,2,0.31213486,0.188674229,0.20418897,0.06022466,0.32075471699999997,0.150943396,0.27181579100000003,0.6,0.102425628,0.4,0.2681642909640604,0.22232490438511088,0.13170043608360604,0.2,0.20692689493602295,0.14953042350518492,0.13067343322811292,0.07890227061634135,0.16000000000000003,0.13117189661068684,0.2686099615872929,0.14282592843332448
97,N,2,2,M,3,0.16998637,0.091038243,0.119577564,0.03748838,0.103092784,0.051546392,0.131761557,0.3,0.053914795999999994,0.1,0.12965915681479614,0.11038820517589398,0.1315998976197023,0.2,0.14244158359573178,0.07331908910848375,0.06496951150423537,0.07883788751373522,0.12,0.08329410900206614,0.13544882224767252,0.07081040990317979
98,N,2,2,M,4,0.075645511,0.02148775,0.06707224,0.023892831,0.053763440999999995,0.010752688,0.058111928,0.1,0.027671348999999998,0.0,0.05710865805780576,0.07707592146986507,0.13167849212685492,0.0,0.06609991452551253,0.032741011891318395,0.04556269212395129,0.07708604283980654,0.0,0.04188483635295317,0.06698550463191771,0.03186570075381742
99,N,2,2,M,5,0.032269767000000005,0.0,0.04302248400000001,0.015049442,0.018867925,0.018867925,0.024469391,0.0,0.014012898999999999,0.0,0.02403267233412825,0.06042279663576109,0.11895801024793584,0.0,0.0501850172482626,0.01396561252032449,0.030224373096902842,0.06660762836158586,0.0,0.025645536812911807,0.03529865674247234,0.014550721154306834
100,N,3,1,S,1,0.28603339,0.093552033,0.33358184,0.13310067,-7.0,-7.0,0.536844981,0.5,0.206563432,0.2,0.5114262562260293,0.3898471878682376,0.40894559880362674,0.2,0.3825441724731283,0.28201896962728057,0.23443739439073366,0.24251679438171997,0.16000000000000003,0.24449892774475765,0.4310379537735667,0.20414295725450354
101,N,3,1,S,2,0.240371305,0.17619621,0.24540637,0.08873888,-7.0,-7.0,0.320299565,0.2,0.115053016,0.2,0.2985302394361515,0.21266621855326526,0.13263969312571933,0.6,0.3107070141766906,0.16697612367041906,0.1235021019134276,0.07896516154022393,0.48,0.1969633011322801,0.2679668319973542,0.14543186289596166
102,N,3,1,S,3,0.180897141,0.027942658999999998,0.13987158,0.057094532999999996,0.15,0.05,0.160779653,0.3,0.060967832,0.0,0.1475023804455719,0.11520901134569957,0.13161330572884108,0.2,0.14912906756617772,0.08366166485938574,0.06912722408563562,0.07884795667380068,0.08000000000000002,0.08029681027468012,0.15109704644781788,0.06042484498625534
103,N,3,1,S,4,0.08746751400000001,0.049906528,0.08351610599999999,0.037037306,0.09677419400000001,0.043010753,0.072259951,0.1,0.031405226,0.0,0.06572167259750533,0.07611208735980518,0.13168661663862363,0.0,0.06757131537516364,0.037791021740844886,0.0469153554521066,0.07889122988723231,0.0,0.03703852450997413,0.07539030623932763,0.04150453279823787
104,N,3,1,S,5,0.013821443000000001,0.0,0.04601740000000001,0.023601338,0.030075188,0.007518797,0.030693661,0.0,0.015933955,0.0,0.027804333729677277,0.05441007387653708,0.11600885381734272,0.0,0.04865014479878822,0.016204539358887455,0.03364749140703529,0.06938323340161627,0.0,0.031660248685604804,0.03168237790155359,0.016446496441480683
105,N,3,1,M,1,0.255873132,0.127020998,0.38056672,0.13416170000000002,-7.0,-7.0,0.485283526,0.8,0.183499747,0.1,0.4746618115185141,0.3957090560928815,0.3355470978664131,0.6,0.4543623877989683,0.2532384338625208,0.23103705804522287,0.19833674405183688,0.48,0.2846514866941497,0.4028818814028489,0.19869905922693593
106,N,3,1,M,2,0.18010219100000002,0.07588698,0.22943400000000003,0.08794109,-7.0,-7.0,0.277093293,0.1,0.100907417,0.1,0.2686546235248739,0.22887417674986274,0.13239179649269223,0.4,0.25560648347772497,0.14546508998171612,0.1282222439609012,0.07844211689358453,0.16000000000000003,0.13333684468142928,0.2386810710686842,0.11262043273565434
107,N,3,1,M,3,0.179233687,0.13852667300000002,0.13987158,0.057094532999999996,0.13725490199999998,0.078431373,0.134823274,0.4,0.053073123,0.2,0.12994120224219288,0.11148782835873933,0.13166332401647238,0.0,0.0929774108783136,0.07138720204522231,0.06291051583920984,0.07807035178823812,0.0,0.048742370874620425,0.13887149790023307,0.08147437847110803
108,N,3,1,M,4,0.10821559900000001,0.076227905,0.08351610599999999,0.037037306,0.073170732,0.048780488,0.0595797,0.1,0.027227576,0.1,0.05724326543619934,0.06672374497444275,0.1316081756101879,0.0,0.06390197248481205,0.03190047157760565,0.03818550463673901,0.07783006756824118,0.0,0.0337075777922771,0.07294057735266052,0.043385364303586166
109,N,3,1,M,5,0.011973618,0.013183618999999999,0.05449254,0.023323426,0.015151515,0.007575758,0.025110085,0.0,0.013785065,0.0,0.024091310248870488,0.051916740146689705,0.131583597436448,0.0,0.051115958473817086,0.013615165491023299,0.02976058349360091,0.0776439313328203,0.0,0.029734084045884845,0.02827293834889005,0.01758610824615605
110,N,3,2,S,1,0.267939366,0.108110861,0.34458354,0.06697135,-7.0,-7.0,0.521241905,0.2,0.17180171,0.0,0.49982198652624293,0.4041999154638273,0.4197599831786597,0.2,0.38409409924796273,0.3122278395865274,0.24580900664209324,0.24411499274856202,0.12,0.23383979966555618,0.42330079324751757,0.20948735430715515
111,N,3,2,S,2,0.22781195,0.10942929300000001,0.22612135,0.043162998,-7.0,-7.0,0.306820896,0.1,0.09386928900000001,0.1,0.2889001771602665,0.21328987324774423,0.13479332812915862,0.0,0.1594173041428802,0.18262542852336217,0.12469454073702535,0.07969769884108324,0.0,0.08849231351916628,0.2592057241020027,0.1276546378150969
112,N,3,2,S,3,0.142444401,0.023499887999999997,0.13395144,0.027568428,0.098591549,0.014084507,0.152507623,0.2,0.049188829,0.0,0.14175965369622867,0.10357588134122993,0.12898305003772603,0.0,0.0941024004096819,0.09066091992706532,0.06263357450535315,0.07726834825936625,0.0,0.06684744846256624,0.13507188975936466,0.05649580285810462
113,N,3,2,S,4,0.04621078,0.022246745,0.08208582,0.01762198,0.038461537999999997,0.012820513,0.068172256,0.2,0.025184547,0.1,0.06292789511084747,0.07143271290638646,0.13166997551115148,0.2,0.11734195118349795,0.04070637963089942,0.043866893716753445,0.0785844800647026,0.16000000000000003,0.07755706694929415,0.06218591100430848,0.03300114133691322
114,N,3,2,S,5,0.021474861,0.013129678999999998,0.045197642999999996,0.011147735,0.021126761,0.007042254,0.028884135,0.0,0.012737491,0.0,0.026576542586767102,0.04896277104432731,0.120718001540532,0.0,0.04978933410689015,0.017384741586300552,0.028525925015131445,0.07110832836910898,0.0,0.02751687049110376,0.0314745774077736,0.017944459150358
115,N,3,2,M,1,0.255257299,0.125852039,0.34458354,0.06697135,-7.0,-7.0,0.469659404,0.6,0.151876378,0.2,0.4631010336638849,0.40926124142627984,0.3190329353917776,0.6,0.4478678391635774,0.2813798341160285,0.23838652271129918,0.18983865664340396,0.24,0.24554169473630458,0.39931974452254115,0.19937369345683192
116,N,3,2,M,2,0.25669338,0.121859756,0.2419355,0.043443788,-7.0,-7.0,0.264724674,0.2,0.082086607,0.2,0.259631593699755,0.2388347082531586,0.13234294116144033,0.4,0.2578160933292555,0.15972322403650432,0.13481069290916434,0.0793917124723497,0.32000000000000006,0.1664143199709579,0.2549710889882284,0.12462006998641717
117,N,3,2,M,3,0.119460518,0.067028575,0.13395144,0.027568428,0.112676056,0.042253520999999995,0.127683505,0.0,0.042749942,0.0,0.12478211035918817,0.10673891243462906,0.131670064075408,0.0,0.08937127767224176,0.07770539489919202,0.06061809033229405,0.07885226893549235,0.0,0.05339692869277847,0.11966626144845431,0.062025500557871524
118,N,3,2,M,4,0.091752634,0.06401625400000001,0.08208579,0.01762198,0.086538462,0.048076923,0.056165892,0.0,0.021815757999999998,0.0,0.05478876297431652,0.07059860022950737,0.1315792800366293,0.0,0.06412738800285173,0.03452824142659949,0.0392862345531736,0.07726729488750392,0.0,0.03487506746367896,0.06832647230095597,0.039911621994943275
119,N,3,2,M,5,0.03555844,0.01062237,0.045197642999999996,0.011147735,0.026490066,0.01986755,0.023621713,0.0,0.011014858999999998,0.0,0.02302359685488379,0.054696778976001725,0.13159428792215294,0.2,0.10144311923405165,0.014680366461871477,0.02707336558759378,0.0751152974617523,0.08000000000000002,0.05370934976476991,0.03422513220772138,0.015847740262366315
120,unknown,1,1,S,1,0.540875958,0.254920447,0.40886837,0.28657472,0.587837838,0.30405405399999996,0.547540943,0.8,0.284634015,0.5,0.5480541443811062,0.5229877644655452,0.6495367685717977,0.6,0.583059623204475,0.27714756649022493,0.2579835486455512,0.34855518719886097,0.24,0.28842904000033204,0.5398647024616628,0.26867139428394404
121,unknown,1,1,S,2,0.338632855,0.15193188,0.2745247,0.2105279,0.34444444399999996,0.21111111100000002,0.329752855,0.6,0.165762965,0.5,0.3302160983999033,0.3205094946090833,0.13167140862202167,0.4,0.2944883699214864,0.169625370153057,0.14982478505356403,0.06237023989878209,0.08000000000000002,0.1264223883766067,0.3297778257522467,0.15928625005165525
122,unknown,1,1,S,3,0.228882245,0.112882299,0.17294987,0.14984605,0.214285714,0.11904761900000001,0.16667942,0.0,0.090271255,0.0,0.1669739106607033,0.2032902395604417,0.11750523416438091,0.0,0.12319825994951461,0.08710344949171978,0.09909085299422768,0.058752617082190456,0.0,0.06006550753929989,0.19145645380528625,0.09733696412148687
123,unknown,1,1,S,4,0.226345281,0.110722291,0.10359146,0.09722092,-7.0,-7.0,0.075202583,0.1,0.047214172,0.0,0.07535170242999223,0.17314001088649522,0.13119850262613086,0.0,0.09685127089143422,0.039908306976975456,0.0863467811308762,0.07512025386251961,0.0,0.04895598621803251,0.13750989432912186,0.07104788777696291
124,unknown,1,1,S,5,0.29305472899999996,0.138705139,0.060029097000000003,0.05952307,-7.0,-7.0,0.032001984,0.0,0.024149052999999997,0.0,0.03206913972204507,0.16052975776655135,0.09851832218868112,0.0,0.07482715323555808,0.017239733854874477,0.08074491346596774,0.05878647003254431,0.0,0.03440509447729536,0.12941390262214908,0.06520970983021056
125,unknown,1,1,M,1,0.545978899,0.263659093,0.40886837,0.28657472,0.52,0.26,0.49605245600000003,0.3,0.255662194,0.2,0.5114127845247717,0.478542920732296,0.4689885261574625,0.6,0.5158944860974954,0.24938605047263185,0.23244506156214156,0.25222766789769907,0.36,0.2776651860179903,0.5079967650642669,0.25028809975869337
126,unknown,1,1,M,2,0.284572867,0.17923197100000002,0.2745247,0.2105279,0.294117647,0.188235294,0.285807601,0.3,0.146414183,0.3,0.2985189492371426,0.2995170548105115,0.13166267079152377,0.4,0.2810009755909938,0.1479544375042941,0.1427739250896525,0.06679200849309276,0.08000000000000002,0.12097750905121012,0.2921041180119135,0.15409362914848665
127,unknown,1,1,M,3,0.205895164,0.055730942,0.17294987,0.14984605,0.152542373,0.06779661,0.13992938900000002,0.1,0.07890088099999999,0.1,0.14749560101867806,0.17950522080747092,0.13149107390348766,0.2,0.16327811103994777,0.07428135275532809,0.0880540285029284,0.07108188505322713,0.08000000000000002,0.07989274779556194,0.16820634370653725,0.07424180106456413
128,unknown,1,1,M,4,0.19780731899999998,0.100495802,0.10461464,0.10151389999999999,-7.0,-7.0,0.062040488,0.1,0.041022618,0.0,0.06571836217256687,0.14456354029656143,0.13115321053543277,0.0,0.08387769636976382,0.03362182177131835,0.07239053460566366,0.07676474335964338,0.0,0.05501483216379583,0.11753242736728207,0.061882694094245495
129,unknown,1,1,M,5,0.310242472,0.15486533,0.06060205,0.06468722,-7.0,-7.0,0.026186836,0.0,0.020915805,0.0,0.02780287637872706,0.13604677630069537,0.10333315986063658,0.0,0.06552835727052866,0.014445986186895911,0.06939716110349324,0.06111579111007014,0.0,0.036699397067783475,0.12506974016985561,0.06490607057259729
130,unknown,1,2,S,1,0.496350956,0.222106684,0.39581215,0.17611139,0.570512821,0.23076923100000002,0.531984065,0.6,0.240720095,0.3,0.5365314530429898,0.5217542377799936,0.6497113159450792,0.6,0.5792184558031656,0.3115775863066567,0.2957013038793219,0.38921515220845604,0.6,0.39602652149292344,0.5216551779557458,0.2675264172964947
131,unknown,1,2,S,2,0.34751940000000003,0.11347566199999999,0.26432690000000003,0.11886456599999999,0.333333333,0.149425287,0.316061359,0.2,0.136684564,0.1,0.32003023042442574,0.3273099325229331,0.1316330896763907,0.4,0.29173745436185217,0.1883333185350075,0.17897492968890716,0.07808411768419168,0.32000000000000006,0.18345402446940984,0.32773023048683975,0.15436711855597868
132,unknown,1,2,S,3,0.21064736,0.13078045900000002,0.16510506,0.07834144,0.166666667,0.1,0.158161056,0.1,0.073272583,0.1,0.16061592505868005,0.21014861232498877,0.11432392311306305,0.6,0.2695393193733885,0.09575963582799293,0.11635343628242313,0.06836314058096929,0.24,0.14357824445633904,0.1848932383459172,0.10404152852760401
133,unknown,1,2,S,4,0.24034967699999998,0.103322001,0.09851788,0.05071067,-7.0,-7.0,0.070961158,0.0,0.037984893,0.0,0.0721801864251855,0.1862492164915211,0.131135587498368,0.0,0.09648773792306736,0.04358758792442804,0.09824856396187431,0.07830400190024195,0.0,0.05600568085979922,0.14243505947917667,0.07078576147157559
134,unknown,1,2,S,5,0.27158818,0.121962611,0.05758101,0.032269407,-7.0,-7.0,0.030117722000000003,0.2,0.019336967,0.1,0.03065896116846031,0.1716611067952338,0.10410249669469308,0.0,0.07635180392957262,0.018747662832712505,0.09009048604902356,0.060572623630367875,0.0,0.047727696427535285,0.12600649249092352,0.06253443172043402
135,unknown,1,2,M,1,0.40383505399999997,0.25513274199999997,0.40432438,0.16950159,0.438709677,0.251612903,0.480405222,0.3,0.21487549600000003,0.0,0.49980850779602537,0.4728765384202238,0.4476861914360683,0.6,0.5033640837580715,0.2814150740882172,0.25386881610403333,0.2674277058551549,0.24,0.2630603423703272,0.4642313305540623,0.2513230320480626
136,unknown,1,2,M,2,0.352638128,0.157522691,0.2658028,0.11842841,0.333333333,0.130952381,0.273197003,0.1,0.12024076199999999,0.0,0.28888910117250755,0.30676011186396807,0.13161778068043894,0.2,0.23091889251359876,0.16492435548596668,0.16626173491549825,0.07885079336161073,0.08000000000000002,0.12098160556999665,0.3053710860091189,0.15223738585036622
137,unknown,1,2,M,3,0.138567091,0.11066647,0.16510506,0.07834144,0.163636364,0.127272727,0.132560649,0.1,0.063892948,0.1,0.14175309432494904,0.18088281491936406,0.1316587812710332,0.0,0.1134168954717408,0.08203278625494453,0.09557987264323005,0.07845258739189695,0.0,0.0537295706186269,0.14844091231107828,0.08804301922454365
138,unknown,1,2,M,4,0.215298716,0.154798191,0.09851788,0.05071067,-7.0,-7.0,0.05849445,0.0,0.032961774,0.0,0.06292471593161757,0.15396423250814462,0.13106665375247162,0.0,0.08667099275514947,0.0369036501828178,0.07478431419216516,0.07583918700037884,0.0,0.044826444754218105,0.12267052860994056,0.07486198234374575
139,unknown,1,2,M,5,0.23532960600000002,0.14299658199999998,0.05758101,0.032269407,-7.0,-7.0,0.024636254,0.2,0.016736945,0.2,0.02657514783077572,0.1431427238889736,0.10459455402864663,0.0,0.06903938688163112,0.015790989160787035,0.06734615674927963,0.05806772522758263,0.0,0.03513332477886215,0.10742093292993733,0.06071766822751666
140,unknown,2,1,S,1,0.5304892410000001,0.259771987,0.45695376,0.23733723,0.541666667,0.215277778,0.538576859,0.5,0.237694851,0.4,0.5371523228528393,0.48290403122758513,0.5881268448359707,0.6,0.5548854782602627,0.30336266649414156,0.28138177752563054,0.3523270014215664,0.36,0.32505557053466544,0.5222806135201061,0.270552820504943
141,unknown,2,1,S,2,0.213716505,0.07865158900000001,0.31489918,0.17527093,0.258823529,0.094117647,0.321818263,0.5,0.134734774,0.2,0.32057385680722067,0.24893767124087451,0.13161809242016684,0.6,0.3284878229716103,0.18356038015059162,0.14219040950275935,0.07442227216497853,0.24,0.1741225426720365,0.2762615740120238,0.13478428816333776
142,unknown,2,1,S,3,0.168206665,0.133161294,0.2025566,0.11774684,0.145454545,0.090909091,0.16172195,0.2,0.07215175900000001,0.1,0.16095285703829362,0.15116996685346742,0.12275304038874799,0.2,0.16305657464656714,0.09341726920964248,0.08768239534212158,0.07021863724190973,0.12,0.09523967158170696,0.16051285972294027,0.09660317938794102
143,unknown,2,1,S,4,0.252194419,0.11704267900000001,0.12435225,0.07572524,-7.0,-7.0,0.07272841299999999,0.1,0.037382078,0.1,0.07234759224148328,0.1230847131934173,0.13183883193413776,0.0,0.08485022742340967,0.042552215877874236,0.07608674741385288,0.07888228954267339,0.0,0.055116304301872095,0.13008878435872515,0.06826593007293177
144,unknown,2,1,S,5,0.29731348399999996,0.143921082,0.07198787,0.050002698,-7.0,-7.0,0.030901624,0.0,0.019024239,0.0,0.030733257610106306,0.10011511741818134,0.10630779761783835,0.0,0.06349281136215906,0.01831339594347821,0.06115179130136919,0.06415115226475565,0.0,0.037937783110822534,0.11476587075707191,0.060602627061211854
145,unknown,2,1,M,1,0.46014711700000005,0.221911458,0.4624641,0.24207783,0.47540983600000003,0.24590163899999998,0.48702397700000005,0.5,0.212084329,0.2,0.5004327668600517,0.45246542046700255,0.43482876699475076,0.6,0.5000829790996276,0.2737032451346993,0.260205695885815,0.25556383491350404,0.24,0.2634810525209496,0.4750173203317636,0.24197618200512855
146,unknown,2,1,M,2,0.21215164399999997,0.09620431199999999,0.31489918,0.17527093,0.21590909100000003,0.102272727,0.278491067,0.3,0.118493345,0.0,0.2894023431813014,0.24054851239684458,0.131615910604043,0.0,0.16664074899511616,0.1605718425123108,0.13627644350267765,0.07535423749256889,0.0,0.08745959593343706,0.25514839164453645,0.12788648575374711
147,unknown,2,1,M,3,0.101761666,0.057444540999999995,0.2025566,0.11774684,0.120689655,0.034482759,0.13563803300000002,0.0,0.062905861,0.0,0.14205715354186518,0.1448239951498037,0.13171336370495712,0.0,0.10867082024809105,0.07993814235881912,0.08275502471200022,0.07712300403511478,0.0,0.06296567575964175,0.13107021192291723,0.07076089226770482
148,unknown,2,1,M,4,0.185693988,0.092267352,0.12435225,0.07572524,-7.0,-7.0,0.059971269,0.1,0.032435988,0.1,0.06307211498542897,0.11023685859479761,0.1317337642032364,0.0,0.0795977367224441,0.03598676439865855,0.06646226254096539,0.07955792907092889,0.0,0.04704403644043234,0.10474355764505663,0.05678809173490598
149,unknown,2,1,M,5,0.27193712800000003,0.12693025,0.07276826,0.048933685,-7.0,-7.0,0.025281203,0.0,0.01646556,0.0,0.026639819866517478,0.09424307426287712,0.11601969661417241,0.0,0.06344284371757118,0.015407865685081285,0.05524721759189441,0.06962703128593245,0.0,0.0373499830152869,0.10452530628234866,0.05351272331924392
150,unknown,2,2,S,1,0.5368662329999999,0.132790813,0.45778573,0.13622834,0.563909774,0.187969925,0.522980284,0.7,0.19900818,0.2,0.5255922811544741,0.4897394031935564,0.5919057205973038,0.8,0.6014911741380229,0.3349380576911625,0.3077471131169616,0.3546103367157743,0.6400000000000001,0.3996320656417057,0.5187945503370076,0.24362104095203102
151,unknown,2,2,S,2,0.305613149,0.209437184,0.30887568,0.09017869999999999,0.30693069300000003,0.158415842,0.308304674,0.3,0.110379213,0.2,0.31054751187565427,0.25674127485917575,0.1316576449723406,0.6,0.32776951434520113,0.20018285944987357,0.15426313085411195,0.07862603758120867,0.24,0.1835770382591264,0.2953016524337075,0.16856559682599637
152,unknown,2,2,S,3,0.130540565,0.029951517,0.19550505,0.057899017000000004,0.074074074,0.018518519,0.153410302,0.1,0.058346274000000004,0.0,0.15478153997397234,0.15553992718982756,0.1189021967799545,0.2,0.15934688877502384,0.10090198500535402,0.09443296167255473,0.0712321247941581,0.12,0.09741295836305851,0.14856808354094997,0.07090818441947719
153,unknown,2,2,S,4,0.28599124,0.077654661,0.11839615,0.0371608,-7.0,-7.0,0.068616177,0.0,0.030014202,0.0,0.06929304223997408,0.129812625108408,0.13168794038773404,0.0,0.08463826691930523,0.045672127545430236,0.08233936310614531,0.07879866329119867,0.0,0.060569996829046326,0.13842827108709552,0.05892008841289389
154,unknown,2,2,S,5,0.288690738,0.07076978,0.06834415,0.024012126,-7.0,-7.0,0.029080205,0.0,0.01521743,0.0,0.029380038847606624,0.10636222396721585,0.11239276868144693,0.0,0.06490586103077198,0.01957471270640964,0.06082472504881403,0.0660246572325691,0.0,0.04217590899963097,0.11337830145370563,0.04159666193880592
155,unknown,2,2,M,1,0.49236572,0.13021449699999998,0.44312888,0.13482293,0.46296296299999995,0.12962963,0.47139513899999996,0.4,0.176600311,0.1,0.4888283671617112,0.4560850591036179,0.414288637685365,0.4,0.43902127496186083,0.30327111128948353,0.28563097597799186,0.2481888768796498,0.24,0.26789133997158326,0.4771685713163323,0.22392922381686886
156,unknown,2,2,M,2,0.13527736699999998,0.024896541,0.30543458,0.089139126,0.13636363599999998,0.022727273,0.26608302,0.1,0.09674543,0.1,0.27994921896140906,0.23985748389113737,0.1312535354556068,0.0,0.16512870247739603,0.17578028173686375,0.14547076899793954,0.07869384713901165,0.0,0.11698423163669006,0.2302917724631366,0.11072325543370082
157,unknown,2,2,M,3,0.17436339399999998,0.083364118,0.19550505,0.057899017000000004,0.125,0.053571429000000004,0.128461524,0.1,0.050772675,0.0,0.1364924833888504,0.14187185712033107,0.13169158568791814,0.2,0.15639759344421927,0.08671860090721423,0.08519906016522974,0.0787469028684285,0.16000000000000003,0.10294033676196933,0.14529731462729537,0.07651361351811099
158,unknown,2,2,M,4,0.24883918300000002,0.077173872,0.11839615,0.0371608,-7.0,-7.0,0.056536373,0.1,0.026016621,0.1,0.060383688671273784,0.11141493740316663,0.13178839996908248,0.0,0.08011689505066497,0.03880905271420659,0.0680784192677732,0.07750338544354195,0.0,0.04885012097860087,0.1192935455186101,0.052519491245494945
159,unknown,2,2,M,5,0.28210440000000003,0.071181982,0.06834415,0.024012126,-7.0,-7.0,0.023782936,0.1,0.01316388,0.0,0.025462104853668666,0.09461345965832833,0.11711747823206986,0.0,0.064191153004805,0.016550675928986028,0.049490911358393695,0.06647148606855849,0.0,0.03128502318880175,0.10649072512799926,0.037596862321844934
160,unknown,3,1,S,1,0.520255166,0.11993442300000001,0.51694155,0.18007252,0.489795918,0.163265306,0.529587758,0.5,0.196371573,0.2,0.52621486475502,0.4542062517826838,0.4257488383645096,0.2,0.40125390357845453,0.32732945459217916,0.2776426472235624,0.25504684042734116,0.16000000000000003,0.26371629368628596,0.5075660101344259,0.2303195244539354
161,unknown,3,1,S,2,0.236072153,0.15888691300000002,0.36095586,0.13092102,0.23809523800000001,0.095238095,0.313985155,0.2,0.10875739400000001,0.2,0.3110823995638293,0.24716420245436976,0.13166438292161714,0.6,0.32471107503295593,0.19583530161873106,0.14651113545668057,0.07887915166462375,0.48,0.21210719578912499,0.27707597750454976,0.1524976860188529
162,unknown,3,1,S,3,0.227179927,0.064769248,0.23578670000000002,0.08823933,0.22727272699999998,0.102272727,0.15688417,0.5,0.05743962,0.3,0.155108494515605,0.1458410523349422,0.1300946584319905,0.2,0.16221980654094786,0.0987964302184042,0.08720314007992873,0.07793338847082233,0.16000000000000003,0.10647475546849185,0.1712534109626368,0.07705210957458324
163,unknown,3,1,S,4,0.10959919900000001,0.02873564,0.14711966,0.05607904,0.14285714300000002,0.053571429000000004,0.070329452,0.2,0.029533997000000003,0.1,0.06945425322248222,0.11291252932681205,0.13163009181629698,0.2,0.13244206539969988,0.044749901654919565,0.07119906245888415,0.07885851454396751,0.12,0.08166644649500379,0.09057385838732357,0.04355465027845093
164,unknown,3,1,S,5,0.292184917,0.063790317,0.086110756,0.03676452,-7.0,-7.0,0.029837932999999997,0.2,0.014970309,0.1,0.029451330216156094,0.09082629710443163,0.11652287101482314,0.0,0.06402338116494444,0.019190402377719937,0.05772480638679726,0.06977802932013623,0.0,0.04276403344483013,0.11057511933014692,0.038918958691129296
165,unknown,3,1,M,1,0.499137526,0.191837925,0.51694155,0.18007252,0.557692308,0.153846154,0.47800395700000003,0.8,0.17419601699999998,0.1,0.48945233178144204,0.4476364122594304,0.3442319081334709,0.6,0.4734697710098028,0.2960806620313344,0.2701654257794475,0.20622072906349412,0.48,0.30800247954324717,0.47855755676021816,0.23307000745269546
166,unknown,3,1,M,2,0.241064566,0.09507659199999999,0.36162259999999996,0.13352965,0.279569892,0.11827957,0.271290685,0.1,0.095302474,0.1,0.28045284223262046,0.25032330817850856,0.13166861580662179,0.4,0.26722740235460085,0.1717868118376195,0.1461691021378138,0.07887629509744751,0.16000000000000003,0.14617101050121023,0.26078285035278226,0.12708374499385833
167,unknown,3,1,M,3,0.114057768,0.03832128,0.23788764,0.08642726,0.131868132,0.065934066,0.131458169,0.2,0.049977463,0.0,0.13678705707300665,0.14364674522843315,0.13159836581294385,0.0,0.10682246687360258,0.08482034827911093,0.08311445279415693,0.0784957939970332,0.0,0.06928826906000013,0.13148743482535996,0.06405838601831697
168,unknown,3,1,M,4,0.05642047099999999,0.0,0.1456671,0.057294745,0.039215686,0.0,0.0579668,0.0,0.025598687000000002,0.0,0.06052551990939831,0.10618899143479384,0.13167904165324426,0.0,0.07846303496476317,0.03798517780337593,0.06433382987043919,0.07843599321023562,0.0,0.04372381166925374,0.07027544558604804,0.031979423668453785
169,unknown,3,1,M,5,0.277270922,0.111343481,0.086110756,0.03676452,-7.0,-7.0,0.024406105,0.0,0.012949668000000001,0.0,0.025524139263523326,0.09082746974234727,0.13054633273611074,0.0,0.06622160387794093,0.016208531590590543,0.055383227416547,0.07768701868705519,0.0,0.043667068332556395,0.10450715900146765,0.048971227001784384
170,unknown,3,2,S,1,0.473847368,0.176168391,0.49150059999999995,0.100241266,-7.0,-7.0,0.5139615439999999,0.5,0.162972705,0.2,0.5146284895244786,0.4581043956244944,0.43792119633908466,0.2,0.40053279472210107,0.3552142804168562,0.281863072808813,0.2535545832157326,0.12,0.2507956424298776,0.49013544928724323,0.24405461230641728
171,unknown,3,2,S,2,0.315195428,0.15568314,0.3572862,0.06768296,-7.0,-7.0,0.300654668,0.4,0.088616751,0.1,0.30122130113076734,0.25573261971971867,0.13449653973670367,0.0,0.17422956114234303,0.20995887244806655,0.15259728969871983,0.07927202256002958,0.0,0.11741865421190333,0.2932010042126215,0.1517140132866966
172,unknown,3,2,S,3,0.197042808,0.076098761,0.22790892,0.04266419,-7.0,-7.0,0.14877703,0.0,0.046308653,0.0,0.14912143796595415,0.1452790288696982,0.1278369147235813,0.0,0.10774433032836414,0.10494141877441523,0.08806280132076089,0.07633823407958557,0.0,0.07297967716663509,0.1600550762089131,0.07885290852379404
173,unknown,3,2,S,4,0.126136411,0.046105075,0.1402477,0.027225057,-7.0,-7.0,0.066343154,0.1,0.023674907000000002,0.0,0.0665131025843797,0.11313770432800518,0.1315517062698561,0.2,0.1310631738502721,0.0472476139569818,0.07130966992815056,0.07873144152029266,0.12,0.08269519531827486,0.09303259297809623,0.0470843164712831
174,unknown,3,2,S,5,0.27132427,0.102458854,0.08181518,0.017662365,-7.0,-7.0,0.028077394,0.0,0.011964809,0.0,0.028152916643291694,0.0901875624548868,0.12101972497139836,0.0,0.0638390943617764,0.02018229919081139,0.054272212301211084,0.07193487041629934,0.0,0.03977734591574208,0.1044355357745446,0.04721954362300562
175,unknown,3,2,M,1,0.44780913299999997,0.227179427,0.49150059999999995,0.100241266,0.490196078,0.235294118,0.462403655,0.6,0.14389344099999998,0.2,0.4778589964633368,0.45338002731320165,0.33077528198506506,0.6,0.4638938218344817,0.32235634454152223,0.2721481957238556,0.19653769279633074,0.24,0.26473798810212884,0.4603629529441346,0.24139435206634446
176,unknown,3,2,M,2,0.37664538200000003,0.170285625,0.3572862,0.06768296,0.367088608,0.151898734,0.259088248,0.2,0.077437035,0.2,0.27118048761022334,0.25619222369505446,0.1315980857554557,0.4,0.26559778666440725,0.18482587680887394,0.15091261679337747,0.07883622984176361,0.32000000000000006,0.177810169269056,0.29077658532631945,0.14586528840056284
177,unknown,3,2,M,3,0.166235361,0.068113027,0.22790892,0.04266419,0.131868132,0.054945055,0.12447096699999999,0.0,0.040230833,0.0,0.1313972102645435,0.14155775377256175,0.13165315801733068,0.2,0.1537410651609089,0.09046115028240946,0.08305174788662179,0.07887477394726092,0.16000000000000003,0.10309510375396273,0.1409153230092763,0.07046418954225782
178,unknown,3,2,M,4,0.127988013,0.0615297,0.1402477,0.027225057,0.125,0.053571429000000004,0.054640037999999995,0.3,0.020503807,0.1,0.05793892878854933,0.10665946370457074,0.13161504172781743,0.0,0.07810641509940613,0.04028310314651587,0.0631302328862014,0.07808521873334098,0.0,0.04867321692202283,0.08680661087328002,0.04636171075817932
179,unknown,3,2,M,5,0.258473405,0.129550634,0.08181518,0.017662365,-7.0,-7.0,0.022958477999999997,0.1,0.01034558,0.0,0.024394511034989273,0.09010714431442457,0.13050336154792258,0.2,0.11582436968759886,0.017124862852416534,0.04805959394566309,0.07584679504202414,0.08000000000000002,0.06468722184697621,0.09898338458735347,0.051270167699519906
